"state","potency","weight","month","price"
"WA",77,217,1,5000
"CT",51,248,1,4800
"FL",68,43,1,3500
"OH",69,123,1,3500
"MS",75,118,1,3400
"VA",73,127,1,3000
"FL",54,50,1,3000
"IL",58,140,1,2800
"GA",77,127,1,2600
"MS",49,74,1,2600
"LA",78,82,1,2600
"LA",78,81,1,2600
"LA",74,79,1,2600
"ME",81,12,1,2500
"FL",71,30,1,2500
"CA",79,107,1,2500
"NH",77,39,1,2400
"NH",73,52,1,2400
"FL",64,66,1,2100
"DC",59,61,1,2000
"PA",80,53,1,2000
"FL",49,53,1,2000
"PA",49,51,1,2000
"DC",56,60,1,2000
"NY",48,53,1,2000
"IL",71,83,1,2000
"IL",50,122,1,2000
"NM",3,87,1,1900
"LA",53,93,1,1900
"NY",78,55,1,1900
"OH",61,55,1,1900
"IL",37,53,1,1800
"VA",74,48,1,1800
"IL",37,51,1,1800
"MS",56,62,1,1800
"NY",70,48,1,1800
"CT",41,83,1,1700
"PA",40,45,1,1700
"CA",36,84,1,1700
"NY",85,61,1,1700
"NY",77,59,1,1700
"VA",50,62,1,1700
"CA",62,73,1,1600
"NJ",52,60,1,1600
"WI",88,50,1,1600
"NY",65,54,1,1600
"MS",86,34,1,1500
"FL",37,54,1,1500
"FL",35,54,1,1500
"FL",37,54,1,1500
"FL",37,54,1,1500
"WA",84,77,1,1500
"NJ",56,62,1,1500
"TX",41,94,1,1400
"MS",77,41,1,1400
"FL",53,16,1,1400
"IL",51,34,1,1400
"CA",68,84,1,1400
"LA",21,62,1,1300
"FL",60,52,1,1300
"IL",55,34,1,1200
"CA",66,56,1,1200
"CA",61,55,1,1200
"FL",19,13,1,1200
"IL",44,62,1,1200
"MO",77,38,1,1200
"CA",62,45,1,1200
"WA",79,46,1,1100
"WA",82,4,1,1100
"MA",76,26,1,1100
"NY",62,17,1,1000
"FL",68,17,1,1000
"VA",62,27,1,1000
"FL",66,23,1,1000
"OH",73,16,1,1000
"IN",72,26,1,1000
"MA",44,28,1,950
"NY",78,27,1,950
"MA",77,21,1,900
"NY",80,28,1,900
"FL",47,32,1,900
"CT",63,21,1,900
"OH",43,28,1,880
"GA",62,23,1,850
"NY",75,27,1,850
"PA",60,29,1,850
"SC",93,24,1,850
"GA",79,23,1,850
"CT",47,27,1,850
"NJ",51,24,1,840
"MS",79,11,1,810
"WA",73,27,1,800
"NY",67,26,1,800
"MO",79,25,1,800
"WV",74,7,1,800
"NY",63,27,1,800
"VA",36,27,1,800
"LA",40,21,1,800
"OH",68,20,1,800
"FL",67,13,1,800
"IL",58,13,1,800
"DC",84,13,1,800
"IL",86,26,1,800
"MS",75,16,1,800
"LA",39,18,1,800
"VA",60,21,1,800
"IL",48,20,1,800
"IL",66,26,1,800
"OR",52,39,1,780
"MO",77,24,1,760
"SC",85,23,1,750
"FL",33,27,1,750
"LA",57,27,1,750
"FL",80,9,1,750
"GA",61,29,1,750
"OH",38,23,1,720
"MS",75,12,1,700
"MA",83,7,1,700
"TX",74,26,1,700
"TX",88,13,1,700
"MA",85,9,1,700
"FL",48,23,1,700
"MI",62,21,1,700
"FL",70,15,1,700
"MA",83,10,1,700
"NY",76,49,1,700
"FL",64,28,1,700
"MA",71,10,1,700
"MD",43,13,1,650
"MA",76,8,1,650
"MA",84,1,1,650
"LA",81,14,1,630
"CT",64,14,1,630
"NJ",43,26,1,620
"NV",70,23,1,600
"WA",68,21,1,600
"VA",52,8,1,600
"WA",68,21,1,600
"NV",66,19,1,600
"NY",49,11,1,600
"CA",63,29,1,600
"NV",79,24,1,600
"NV",72,27,1,600
"IN",46,12,1,600
"NJ",53,9,1,600
"NV",80,23,1,600
"NJ",66,8,1,600
"WA",78,21,1,580
"CA",79,23,1,580
"MN",84,7,1,550
"IN",56,13,1,550
"IL",81,10,1,550
"IL",74,10,1,550
"CA",68,21,1,550
"CT",84,12,1,540
"CA",85,24,1,530
"CT",81,12,1,500
"DC",85,10,1,500
"LA",62,23,1,500
"DC",79,11,1,500
"DC",67,11,1,500
"IL",93,7,1,500
"VA",66,6,1,500
"NJ",63,3,1,500
"CA",71,26,1,500
"FL",77,4,1,500
"MS",53,15,1,500
"IL",86,8,1,500
"FL",76,12,1,500
"FL",73,12,1,500
"VA",59,7,1,500
"IN",80,12,1,500
"MA",91,14,1,450
"IL",61,6,1,450
"DC",89,8,1,420
"IL",46,11,1,400
"IL",78,4,1,400
"IL",67,12,1,400
"OH",71,12,1,400
"NJ",53,12,1,400
"PA",57,44,1,400
"IL",77,12,1,400
"OH",77,10,1,400
"MA",44,7,1,400
"NJ",76,13,1,400
"MA",70,7,1,380
"RI",50,11,1,380
"MD",20,5,1,350
"PA",79,2,1,350
"IL",67,11,1,350
"DC",89,6,1,340
"NY",67,5,1,340
"IL",45,8,1,340
"LA",76,8,1,310
"IN",37,10,1,300
"IN",55,7,1,300
"MA",69,3,1,300
"NY",66,9,1,300
"OH",76,4,1,300
"PA",91,3,1,300
"CT",76,4,1,300
"WV",47,2,1,300
"WV",85,4,1,300
"IL",93,3,1,300
"IA",72,2,1,300
"PA",71,3,1,290
"MA",78,1,1,280
"NY",67,7,1,280
"NY",86,5,1,280
"NY",72,5,1,280
"VA",57,4,1,280
"WA",82,10,1,280
"NV",58,12,1,280
"FL",79,3,1,260
"CA",58,12,1,250
"VA",94,6,1,250
"NV",69,7,1,250
"FL",73,3,1,250
"IN",84,3,1,250
"PA",78,7,1,250
"NJ",71,7,1,250
"PA",92,6,1,250
"FL",61,4,1,240
"PA",68,3,1,210
"CT",83,2,1,200
"PA",85,3,1,200
"PA",71,2,1,200
"PA",74,2,1,200
"FL",36,8,1,200
"TX",51,10,1,200
"IN",51,7,1,200
"WI",87,3,1,200
"NJ",60,2,1,200
"IN",73,3,1,200
"FL",76,5,1,200
"CA",65,5,1,200
"NJ",76,4,1,200
"FL",44,7,1,200
"FL",90,2,1,200
"FL",50,10,1,200
"IN",78,3,1,200
"IN",88,3,1,200
"WV",82,3,1,200
"WV",53,2,1,200
"OR",76,6,1,180
"IL",80,7,1,180
"CT",83,3,1,160
"TX",89,1,1,160
"CT",56,2,1,160
"IN",54,5,1,160
"NV",62,6,1,160
"DC",84,2,1,160
"NV",86,13,1,150
"NV",76,6,1,150
"VA",62,2,1,150
"LA",81,4,1,150
"CA",50,5,1,150
"FL",80,1,1,150
"CA",76,3,1,150
"CA",73,4,1,140
"FL",88,2,1,140
"DC",82,1,1,140
"IN",54,1,1,130
"DC",81,3,1,130
"DC",82,1,1,130
"VA",58,1,1,120
"IL",59,2,1,110
"TX",67,1,1,100
"PA",74,1,1,100
"MA",77,1,1,100
"MA",66,1,1,100
"VA",92,3,1,100
"IN",73,1,1,100
"NY",90,2,1,100
"NY",83,2,1,100
"NY",82,2,1,100
"NY",80,2,1,100
"NY",93,1,1,100
"NY",71,2,1,100
"NY",81,1,1,100
"NY",87,1,1,100
"NY",76,1,1,100
"NY",89,1,1,100
"NY",86,1,1,100
"FL",79,3,1,100
"DC",79,2,1,100
"FL",80,2,1,100
"MD",93,1,1,100
"MD",91,1,1,100
"FL",91,2,1,100
"IN",89,1,1,100
"WV",51,1,1,100
"MA",87,1,1,100
"MI",65,2,1,100
"NY",82,1,1,90
"MA",44,2,1,80
"MA",88,1,1,80
"NY",87,1,1,80
"GA",83,1,1,70
"NY",71,1,1,60
"PA",75,1,1,60
"NY",66,1,1,60
"NY",76,1,1,60
"TX",90,1,1,60
"CA",72,2,1,60
"MA",77,1,1,50
"TX",82,1,1,50
"TX",89,1,1,50
"NY",79,1,1,40
"NY",77,1,1,40
"CA",52,1,1,40
"CA",83,1,1,40
"CA",78,1,1,40
"CA",57,1,1,40
"PA",67,41,2,6900
"NY",74,48,2,5500
"CT",37,248,2,4800
"KY",74,74,2,4000
"DC",55,125,2,3500
"IL",60,122,2,3400
"NC",59,124,2,3400
"HI",73,78,2,3300
"NY",38,95,2,3200
"TN",6,139,2,3000
"VA",51,65,2,2800
"MS",53,89,2,2800
"HI",77,65,2,2700
"NY",77,95,2,2700
"GA",54,111,2,2600
"AL",57,125,2,2600
"KY",69,82,2,2600
"NY",37,61,2,2400
"NJ",44,97,2,2400
"LA",71,124,2,2200
"NY",33,6,2,2200
"VA",55,61,2,2100
"NJ",33,100,2,2000
"OH",44,75,2,2000
"VA",71,36,2,2000
"IL",67,55,2,2000
"FL",56,46,2,2000
"OH",62,55,2,2000
"WV",74,29,2,2000
"PA",57,49,2,1800
"NY",72,61,2,1700
"FL",57,56,2,1700
"GA",34,51,2,1600
"LA",68,50,2,1600
"IL",51,86,2,1600
"AL",55,64,2,1600
"TN",72,55,2,1500
"DC",48,40,2,1500
"AL",81,48,2,1500
"GA",55,50,2,1500
"DC",52,30,2,1500
"CA",53,72,2,1500
"MN",40,62,2,1500
"WA",69,43,2,1400
"VA",57,28,2,1400
"IL",82,62,2,1400
"LA",76,52,2,1400
"VA",74,21,2,1400
"VA",73,17,2,1400
"FL",81,25,2,1400
"VA",59,28,2,1400
"CA",81,85,2,1400
"NY",58,46,2,1400
"LA",65,54,2,1400
"LA",56,61,2,1300
"FL",49,52,2,1300
"LA",57,59,2,1300
"ME",68,32,2,1300
"LA",74,62,2,1300
"IL",51,38,2,1300
"OR",83,54,2,1200
"IL",35,64,2,1200
"LA",60,56,2,1200
"NJ",58,17,2,1200
"CA",66,53,2,1200
"IL",61,56,2,1200
"MD",81,27,2,1200
"WA",69,54,2,1200
"NV",70,46,2,1200
"HI",73,26,2,1100
"CA",90,47,2,1100
"WV",76,19,2,1000
"FL",89,16,2,1000
"FL",89,16,2,1000
"AL",83,20,2,1000
"DC",69,28,2,1000
"IL",74,41,2,1000
"IN",65,27,2,1000
"MA",43,26,2,950
"IL",82,15,2,950
"NJ",55,13,2,950
"IA",28,23,2,900
"AZ",75,55,2,900
"IL",45,27,2,900
"SC",91,23,2,850
"NH",54,30,2,850
"CA",55,47,2,800
"RI",53,16,2,800
"MA",35,13,2,800
"WV",87,13,2,800
"GA",77,24,2,800
"IL",70,27,2,800
"GA",73,24,2,800
"MA",61,21,2,800
"IN",42,25,2,800
"GA",66,32,2,800
"MO",58,25,2,800
"MA",65,26,2,760
"OH",65,22,2,750
"OH",61,23,2,750
"NV",56,41,2,750
"NV",53,41,2,750
"AL",54,16,2,750
"WV",73,14,2,700
"FL",88,11,2,700
"ME",85,7,2,700
"KS",83,23,2,700
"OH",66,18,2,700
"IL",43,27,2,700
"FL",83,6,2,700
"WV",68,7,2,700
"WA",58,27,2,650
"MD",30,14,2,650
"MA",89,8,2,650
"MS",66,10,2,650
"FL",56,26,2,650
"MD",59,13,2,650
"WA",83,23,2,600
"NJ",68,10,2,600
"WA",66,23,2,600
"MA",76,6,2,600
"NY",94,18,2,600
"IN",73,14,2,600
"MS",81,16,2,600
"NJ",62,7,2,600
"FL",63,14,2,600
"MA",28,10,2,600
"NJ",48,1,2,600
"MS",42,12,2,600
"IL",66,5,2,550
"PA",88,6,2,550
"WA",78,21,2,550
"FL",83,21,2,500
"FL",82,16,2,500
"CT",41,9,2,500
"DC",79,13,2,500
"CA",69,9,2,500
"VA",82,8,2,500
"DC",83,9,2,500
"MA",81,6,2,480
"VA",71,13,2,480
"MA",91,14,2,450
"MA",58,13,2,450
"NY",66,11,2,450
"NY",61,14,2,450
"CA",59,18,2,450
"LA",34,18,2,450
"LA",35,13,2,450
"OH",68,10,2,450
"OH",56,15,2,450
"VA",62,14,2,430
"VA",52,14,2,430
"TN",80,10,2,420
"MA",60,6,2,400
"FL",72,12,2,400
"VA",67,5,2,400
"VA",90,2,2,400
"CA",78,9,2,400
"NY",73,5,2,400
"WA",54,28,2,400
"NY",68,14,2,400
"AL",56,14,2,400
"FL",87,9,2,400
"WV",51,5,2,380
"IL",77,12,2,380
"DC",89,7,2,350
"IL",77,12,2,350
"WA",54,14,2,350
"IL",79,10,2,350
"FL",84,7,2,330
"MA",72,4,2,320
"PA",68,1,2,300
"CA",70,7,2,300
"IL",46,6,2,300
"HI",83,2,2,300
"CT",37,8,2,300
"DC",74,4,2,300
"CA",65,10,2,300
"IL",85,7,2,300
"WV",26,12,2,300
"CA",63,11,2,300
"NV",86,12,2,300
"MD",76,5,2,300
"DC",85,3,2,300
"NC",86,5,2,300
"CA",62,5,2,300
"DC",79,3,2,300
"DC",82,7,2,300
"MA",82,3,2,290
"FL",69,4,2,260
"FL",62,6,2,260
"IA",74,2,2,250
"IA",74,1,2,250
"IL",84,5,2,250
"IN",59,6,2,250
"VA",57,2,2,250
"FL",64,1,2,250
"IL",76,5,2,250
"IA",56,26,2,250
"IN",63,5,2,250
"NY",50,2,2,240
"OK",67,3,2,240
"NY",84,6,2,230
"NY",63,6,2,230
"VA",70,1,2,230
"VA",49,5,2,230
"OK",65,4,2,230
"WV",68,3,2,230
"OK",68,6,2,230
"WV",91,1,2,200
"WV",88,1,2,200
"CT",50,6,2,200
"MA",83,2,2,200
"FL",79,3,2,200
"FL",75,2,2,200
"VA",75,2,2,200
"VA",76,1,2,200
"VA",65,1,2,200
"NY",96,3,2,200
"WV",86,1,2,180
"WV",80,3,2,180
"CA",70,3,2,160
"NY",79,1,2,160
"CA",65,14,2,150
"WV",92,1,2,150
"CA",70,6,2,150
"NY",80,3,2,150
"NY",75,3,2,150
"MD",87,3,2,150
"VA",28,2,2,140
"FL",81,2,2,130
"NV",76,3,2,130
"IN",46,1,2,120
"MA",56,1,2,120
"NY",61,3,2,120
"WA",70,7,2,120
"NY",76,3,2,120
"IN",67,2,2,100
"IA",84,1,2,100
"CT",54,2,2,100
"WV",43,1,2,100
"WV",87,2,2,100
"CA",78,1,2,100
"DC",82,1,2,100
"NY",93,1,2,100
"NY",91,1,2,100
"NY",80,1,2,100
"NY",95,1,2,100
"FL",73,1,2,100
"WV",71,1,2,100
"WV",64,3,2,100
"VA",64,1,2,100
"WV",75,1,2,100
"NY",83,1,2,80
"NY",84,1,2,80
"TN",88,3,2,76
"VA",30,1,2,75
"NY",86,1,2,60
"GA",74,1,2,60
"IN",80,1,2,50
"CA",77,1,2,50
"IN",81,1,2,50
"NY",79,1,2,50
"CA",84,1,2,40
"CA",74,1,2,40
"CA",69,1,2,40
"IN",85,1,2,40
"GA",80,1,2,40
"NY",69,177,3,5400
"VA",40,123,3,4000
"MD",30,125,3,3800
"VA",73,41,3,3800
"IL",47,58,3,3700
"VA",63,95,3,3600
"KY",63,112,3,3200
"KY",67,117,3,3100
"AL",48,126,3,3000
"DC",77,58,3,2900
"NY",73,112,3,2900
"AL",71,124,3,2800
"DC",71,61,3,2800
"NY",51,97,3,2800
"VA",57,31,3,2700
"IL",54,117,3,2600
"IL",44,124,3,2600
"IL",42,124,3,2500
"CA",69,107,3,2400
"FL",84,68,3,2400
"IA",69,54,3,2200
"IL",58,72,3,2000
"IN",37,51,3,2000
"FL",64,60,3,2000
"IL",72,52,3,2000
"IN",45,28,3,2000
"NJ",59,84,3,2000
"NJ",34,99,3,2000
"IL",67,37,3,2000
"OH",39,54,3,2000
"CA",61,82,3,1900
"IN",74,61,3,1800
"IL",54,63,3,1800
"IL",52,53,3,1800
"IN",84,61,3,1800
"IL",55,90,3,1800
"DC",55,61,3,1800
"CA",65,106,3,1800
"PA",74,85,3,1800
"DC",78,62,3,1800
"MI",30,42,3,1800
"NY",71,60,3,1700
"AL",56,62,3,1700
"MO",65,54,3,1700
"GA",73,47,3,1600
"IL",51,51,3,1600
"FL",37,52,3,1600
"MA",79,49,3,1600
"IL",82,27,3,1600
"GA",49,37,3,1600
"IL",46,55,3,1500
"MS",63,55,3,1500
"CA",76,27,3,1500
"NJ",56,13,3,1500
"WA",70,50,3,1500
"IL",83,44,3,1500
"LA",42,44,3,1500
"LA",41,40,3,1400
"WA",68,64,3,1400
"LA",71,41,3,1400
"CA",42,83,3,1400
"CA",63,63,3,1400
"GA",53,61,3,1300
"NJ",24,39,3,1300
"IL",47,53,3,1300
"NY",70,46,3,1300
"MA",44,47,3,1300
"GA",54,46,3,1200
"VA",73,14,3,1200
"IN",69,54,3,1200
"CA",75,52,3,1200
"RI",59,28,3,1200
"IN",45,27,3,1200
"IL",44,21,3,1200
"NJ",32,25,3,1200
"CA",55,46,3,1200
"WA",78,39,3,1200
"VA",66,11,3,1200
"CA",72,36,3,1100
"IL",45,45,3,1100
"NV",74,55,3,1100
"NJ",59,10,3,1100
"LA",46,50,3,1100
"CA",75,56,3,1100
"LA",55,50,3,1000
"FL",56,34,3,1000
"FL",49,21,3,1000
"NY",90,25,3,1000
"RI",52,28,3,1000
"MO",89,10,3,1000
"MA",85,27,3,1000
"FL",78,14,3,1000
"MD",53,27,3,1000
"CA",70,38,3,1000
"IL",85,20,3,1000
"OH",79,22,3,1000
"LA",95,24,3,1000
"IL",54,18,3,950
"MA",47,27,3,900
"MO",58,27,3,900
"FL",83,5,3,900
"CA",69,51,3,900
"FL",85,9,3,900
"FL",81,11,3,900
"CA",58,36,3,880
"PA",72,27,3,850
"VA",76,24,3,850
"NH",54,27,3,850
"NH",55,25,3,850
"KY",52,27,3,850
"NJ",20,21,3,840
"NJ",66,22,3,830
"NJ",54,24,3,810
"NY",70,27,3,800
"FL",83,34,3,800
"OH",73,25,3,800
"FL",58,28,3,800
"NY",66,27,3,800
"NJ",46,12,3,800
"FL",76,23,3,800
"PA",60,24,3,800
"SC",89,23,3,800
"MA",64,26,3,800
"WI",48,23,3,800
"NY",75,27,3,800
"FL",72,18,3,800
"NJ",57,17,3,800
"IL",67,27,3,800
"IN",56,25,3,800
"GA",57,29,3,760
"GA",69,24,3,750
"GA",61,24,3,750
"GA",66,25,3,750
"FL",91,10,3,700
"AL",69,11,3,700
"VA",84,2,3,700
"IL",89,10,3,700
"PA",66,22,3,700
"MD",73,13,3,700
"GA",70,11,3,700
"IN",87,28,3,700
"MA",72,10,3,700
"DC",79,16,3,690
"IL",50,28,3,680
"VA",58,17,3,680
"VA",36,18,3,680
"FL",61,6,3,650
"MD",58,13,3,650
"IL",49,27,3,650
"CA",60,13,3,600
"WA",64,27,3,600
"IN",72,4,3,600
"IN",81,18,3,600
"CA",61,26,3,600
"FL",85,6,3,600
"WA",60,27,3,600
"NJ",24,20,3,600
"CA",72,17,3,600
"OH",59,12,3,590
"CA",62,26,3,560
"NV",67,27,3,550
"LA",48,17,3,550
"OH",61,11,3,550
"DC",56,7,3,550
"CA",72,23,3,550
"CA",78,18,3,530
"MA",75,16,3,520
"MA",80,13,3,500
"MS",59,5,3,500
"VA",45,5,3,500
"WA",70,23,3,500
"MS",75,14,3,500
"MD",86,7,3,500
"IA",72,6,3,500
"NY",61,5,3,500
"OH",69,13,3,500
"OH",70,10,3,500
"MD",67,7,3,500
"OH",69,10,3,500
"OH",55,12,3,500
"MO",85,13,3,500
"FL",84,12,3,500
"MA",65,15,3,500
"FL",51,8,3,500
"WA",74,5,3,500
"IN",49,6,3,500
"NV",46,22,3,500
"PA",80,14,3,450
"OH",47,13,3,450
"VA",61,12,3,450
"OK",68,14,3,450
"OH",66,13,3,450
"OK",65,12,3,450
"FL",64,8,3,450
"OK",55,12,3,450
"NJ",19,7,3,450
"VA",86,2,3,450
"VA",36,14,3,430
"WV",54,5,3,420
"WV",57,4,3,420
"VA",56,14,3,410
"TN",70,8,3,400
"FL",86,4,3,400
"TN",67,13,3,400
"NJ",56,11,3,400
"IL",84,8,3,400
"FL",80,4,3,400
"IL",81,6,3,400
"FL",61,9,3,400
"WV",64,1,3,400
"MD",73,11,3,400
"IN",74,13,3,400
"IN",55,13,3,380
"MA",60,9,3,360
"VA",62,4,3,360
"FL",43,24,3,350
"FL",43,22,3,350
"FL",44,21,3,350
"FL",42,21,3,350
"FL",41,22,3,350
"FL",44,20,3,350
"FL",40,22,3,350
"FL",37,19,3,350
"FL",31,19,3,350
"FL",29,19,3,350
"NJ",32,14,3,350
"IL",39,12,3,350
"IL",47,15,3,350
"NJ",61,2,3,340
"WI",88,5,3,310
"WA",78,11,3,300
"NV",47,13,3,300
"CT",71,12,3,300
"MD",75,5,3,300
"VA",62,7,3,300
"IL",47,22,3,300
"DC",77,7,3,300
"FL",80,10,3,300
"NJ",55,9,3,300
"IA",75,2,3,300
"IL",50,12,3,300
"AL",47,4,3,300
"IA",64,5,3,300
"NY",70,5,3,280
"NV",78,13,3,280
"CA",62,9,3,280
"ME",85,2,3,270
"IN",82,6,3,250
"NJ",49,10,3,250
"VA",59,6,3,250
"IL",69,6,3,250
"GA",75,6,3,250
"IA",67,2,3,250
"CT",77,5,3,250
"WI",89,4,3,250
"PA",72,5,3,240
"VA",58,6,3,240
"FL",78,13,3,240
"PA",74,3,3,230
"TX",54,4,3,230
"SC",87,6,3,230
"OK",67,5,3,230
"OK",57,7,3,230
"MO",76,2,3,220
"IL",42,8,3,220
"GA",54,3,3,210
"FL",84,4,3,200
"MA",67,3,3,200
"MA",73,5,3,200
"IN",52,6,3,200
"MO",89,2,3,200
"WV",74,1,3,200
"FL",81,1,3,200
"OH",73,6,3,200
"DE",59,7,3,200
"MS",71,2,3,200
"MS",69,2,3,200
"MS",71,2,3,200
"AL",49,2,3,200
"WI",81,2,3,200
"FL",78,2,3,200
"WV",74,1,3,200
"IA",85,3,3,200
"WV",51,2,3,200
"CA",64,10,3,200
"TX",85,2,3,200
"MA",88,2,3,200
"IN",50,6,3,200
"WA",75,4,3,200
"WA",73,3,3,200
"WA",84,2,3,200
"VA",78,6,3,200
"WV",79,6,3,200
"IN",67,6,3,200
"IL",65,6,3,200
"MA",78,2,3,180
"OH",68,3,3,160
"VA",54,1,3,160
"DC",84,2,3,160
"MO",66,2,3,150
"VA",91,1,3,150
"VA",86,1,3,150
"NY",76,3,3,150
"DC",84,1,3,150
"DC",66,1,3,150
"NV",74,3,3,130
"VA",62,1,3,120
"VA",73,1,3,120
"TX",89,1,3,100
"TX",83,1,3,100
"TX",71,1,3,100
"TX",55,1,3,100
"MA",55,1,3,100
"VA",54,1,3,100
"WV",76,1,3,100
"NY",91,2,3,100
"IL",53,2,3,100
"PA",73,1,3,100
"WV",75,1,3,100
"FL",66,1,3,100
"PA",66,1,3,100
"TX",72,1,3,100
"TX",84,1,3,100
"VA",69,2,3,80
"WA",77,3,3,80
"WA",73,1,3,80
"OH",79,2,3,60
"CA",56,2,3,60
"WI",93,1,3,51
"TX",92,1,3,50
"TX",83,1,3,50
"TX",88,1,3,50
"TX",86,1,3,50
"IN",83,1,3,50
"VA",91,1,3,50
"CA",76,1,3,50
"TX",84,1,3,50
"TX",90,1,3,50
"IN",61,1,3,50
"VA",62,1,3,50
"TX",58,1,3,50
"VA",65,1,3,50
"CA",80,1,3,40
"CA",69,1,3,40
"NY",87,1,3,40
"NY",88,1,3,40
"IN",68,1,3,40
"CA",74,1,3,40
"CA",85,1,3,40
"CA",66,1,3,40
"PA",68,102,4,3400
"VA",61,62,4,3100
"NY",61,39,4,3000
"FL",42,55,4,3000
"NY",73,85,4,2700
"NY",57,55,4,2400
"WA",83,51,4,2300
"AK",68,36,4,2300
"OH",69,60,4,2200
"MD",52,61,4,2200
"FL",57,73,4,2100
"WA",64,52,4,2100
"IL",73,55,4,2000
"MA",71,54,4,2000
"CA",71,72,4,2000
"FL",36,46,4,2000
"GA",66,47,4,1900
"IN",63,62,4,1800
"IL",47,62,4,1800
"IL",60,27,4,1800
"IN",38,55,4,1800
"PA",33,55,4,1800
"FL",34,39,4,1800
"KY",48,54,4,1800
"CA",52,89,4,1800
"CA",60,76,4,1700
"CA",7,111,4,1700
"NJ",50,56,4,1700
"CA",53,77,4,1700
"PA",65,59,4,1600
"VA",53,55,4,1600
"LA",49,52,4,1600
"AR",46,53,4,1600
"VA",49,56,4,1600
"TX",50,68,4,1600
"IL",52,62,4,1600
"NY",44,52,4,1500
"FL",94,48,4,1500
"IL",46,55,4,1500
"NY",62,54,4,1500
"IL",75,5,4,1500
"WA",57,53,4,1500
"IL",53,47,4,1500
"MA",55,49,4,1400
"LA",59,62,4,1400
"IL",64,54,4,1400
"IN",63,62,4,1400
"SC",71,66,4,1400
"IL",48,55,4,1300
"FL",90,35,4,1200
"FL",80,34,4,1200
"LA",46,42,4,1100
"WV",42,28,4,1100
"IA",61,19,4,1100
"MA",42,30,4,1100
"DC",48,30,4,1000
"GA",62,30,4,1000
"UT",88,8,4,1000
"PA",55,27,4,1000
"DC",48,30,4,1000
"CT",48,27,4,980
"NY",68,27,4,950
"DE",46,21,4,900
"TX",31,47,4,900
"PA",57,26,4,850
"CA",57,22,4,840
"IL",13,27,4,830
"IL",66,20,4,800
"FL",83,8,4,800
"NY",74,27,4,800
"VA",29,26,4,800
"FL",85,12,4,800
"IL",47,28,4,800
"FL",44,11,4,800
"IN",70,24,4,800
"FL",81,26,4,800
"FL",93,22,4,780
"FL",77,24,4,750
"WV",70,7,4,750
"CA",62,26,4,750
"LA",70,19,4,750
"IL",55,20,4,700
"VA",33,27,4,700
"FL",88,24,4,700
"CA",81,21,4,700
"IL",40,24,4,700
"NH",39,7,4,650
"NH",35,6,4,650
"CA",80,24,4,650
"NV",70,24,4,630
"UT",83,11,4,600
"CA",78,27,4,600
"ME",73,3,4,600
"OH",62,12,4,590
"TX",52,31,4,580
"VA",86,5,4,550
"LA",85,7,4,550
"IL",36,14,4,520
"MO",83,7,4,500
"VA",47,10,4,500
"CA",81,24,4,500
"DC",71,7,4,500
"CT",63,13,4,500
"FL",54,13,4,500
"CA",77,20,4,500
"VA",60,3,4,500
"IN",62,14,4,500
"PA",59,8,4,500
"IL",38,4,4,500
"WA",77,14,4,460
"IL",60,14,4,460
"MA",87,5,4,450
"OK",58,13,4,450
"IN",50,13,4,450
"MO",86,13,4,450
"FL",85,10,4,450
"WA",71,15,4,450
"VA",57,8,4,450
"VA",36,8,4,450
"GA",59,15,4,450
"PA",63,2,4,430
"WV",59,5,4,420
"PA",25,3,4,420
"UT",82,4,4,400
"CA",47,23,4,400
"IN",69,13,4,400
"IN",76,12,4,400
"FL",76,6,4,400
"FL",46,2,4,400
"IL",49,12,4,400
"MA",37,11,4,360
"VA",55,3,4,350
"VA",47,7,4,310
"MO",84,4,4,300
"LA",44,10,4,300
"DC",80,4,4,300
"IA",62,4,4,300
"MA",51,2,4,300
"DC",79,3,4,300
"MA",65,3,4,300
"FL",83,2,4,300
"FL",59,2,4,300
"IA",66,7,4,300
"VA",57,5,4,300
"CA",54,12,4,300
"CA",58,13,4,300
"PA",80,2,4,300
"FL",87,2,4,300
"MO",60,5,4,300
"VA",20,7,4,290
"NY",85,4,4,280
"IL",46,5,4,280
"IL",43,11,4,280
"VA",52,7,4,280
"CA",65,5,4,260
"VA",82,6,4,250
"VA",94,3,4,250
"VA",57,3,4,230
"OK",80,7,4,230
"VA",49,8,4,220
"PA",78,2,4,210
"NY",79,5,4,200
"IN",66,6,4,200
"VA",49,6,4,200
"MO",92,2,4,200
"MA",41,3,4,200
"VA",86,2,4,200
"LA",79,3,4,200
"FL",89,3,4,200
"CT",47,3,4,200
"MO",85,2,4,200
"MO",89,2,4,200
"FL",45,2,4,200
"WA",54,6,4,190
"VA",55,1,4,180
"CT",58,2,4,180
"VA",43,1,4,180
"CA",75,4,4,170
"MA",45,2,4,160
"IA",84,2,4,150
"WV",45,1,4,150
"MA",59,1,4,150
"VA",62,2,4,130
"WA",70,3,4,120
"MO",84,1,4,120
"VA",63,1,4,120
"IL",81,1,4,120
"KY",89,1,4,120
"FL",78,1,4,100
"LA",56,2,4,100
"CA",63,3,4,100
"WV",71,1,4,100
"NY",85,2,4,100
"NY",73,1,4,100
"VA",72,1,4,100
"FL",84,1,4,100
"GA",85,2,4,100
"WA",79,2,4,100
"GA",71,1,4,100
"WA",72,1,4,100
"MA",64,1,4,100
"MO",82,3,4,100
"VA",60,1,4,100
"FL",47,1,4,100
"MA",44,1,4,100
"AL",81,1,4,100
"NY",82,1,4,90
"NY",92,1,4,60
"CA",78,1,4,60
"VA",54,1,4,50
"NY",93,1,4,50
"GA",87,2,4,50
"CA",56,2,4,45
"NY",93,1,4,40
"FL",78,1,4,40
"GA",83,1,4,40
"HI",75,110,5,6400
"NJ",39,147,5,4500
"FL",49,84,5,4200
"IL",48,124,5,3200
"VA",31,90,5,3000
"FL",36,20,5,3000
"AL",61,120,5,2800
"FL",49,31,5,2600
"CA",56,95,5,2500
"OH",38,55,5,2400
"MN",73,8,5,2400
"FL",48,78,5,2300
"FL",61,59,5,2300
"CA",38,103,5,2300
"IA",45,47,5,2200
"VA",44,53,5,2200
"OH",39,53,5,2200
"LA",60,84,5,2100
"LA",86,43,5,2100
"FL",49,57,5,2100
"FL",24,70,5,2100
"NY",56,57,5,2100
"DC",53,58,5,2000
"NY",59,45,5,2000
"GA",51,61,5,2000
"KY",59,39,5,1900
"FL",43,46,5,1900
"MI",34,41,5,1800
"CA",76,72,5,1800
"SC",82,48,5,1800
"CT",72,49,5,1800
"IL",45,63,5,1800
"CA",78,71,5,1800
"OH",44,42,5,1800
"LA",35,52,5,1800
"GA",42,20,5,1700
"MO",60,54,5,1700
"CT",49,55,5,1700
"FL",78,39,5,1600
"NY",68,48,5,1600
"KY",31,49,5,1600
"FL",58,33,5,1500
"FL",30,41,5,1500
"IL",74,62,5,1500
"IL",43,53,5,1500
"NY",78,50,5,1500
"CA",58,55,5,1500
"FL",32,19,5,1500
"IL",72,62,5,1500
"CA",63,56,5,1500
"OK",42,62,5,1500
"CA",82,50,5,1300
"GA",58,61,5,1300
"IL",46,40,5,1300
"OK",42,29,5,1300
"NV",74,48,5,1300
"GA",42,60,5,1300
"MD",63,25,5,1200
"VA",71,10,5,1200
"FL",31,37,5,1200
"CA",65,50,5,1200
"VA",43,55,5,1200
"CA",57,54,5,1200
"IN",44,28,5,1200
"IN",38,28,5,1200
"RI",30,27,5,1100
"NY",69,26,5,1100
"DC",55,30,5,1100
"IN",54,45,5,1000
"VA",90,7,5,1000
"FL",86,7,5,1000
"KS",52,28,5,1000
"LA",61,44,5,1000
"FL",36,23,5,1000
"MD",66,26,5,1000
"FL",53,8,5,1000
"CT",49,28,5,1000
"FL",39,8,5,1000
"NY",43,28,5,980
"AL",46,28,5,950
"IL",33,28,5,920
"GA",82,11,5,900
"NY",62,27,5,900
"IL",56,28,5,900
"IL",32,28,5,900
"VA",42,28,5,900
"VA",49,27,5,820
"PA",55,8,5,800
"GA",58,22,5,800
"IL",77,20,5,800
"VA",26,16,5,800
"FL",48,7,5,800
"CT",80,7,5,800
"LA",73,19,5,800
"LA",52,27,5,780
"IN",65,24,5,750
"MO",25,13,5,750
"CA",63,28,5,750
"FL",57,24,5,750
"CA",71,27,5,710
"CA",73,23,5,700
"NV",70,22,5,700
"OK",61,8,5,700
"CA",93,28,5,700
"ME",47,7,5,700
"VA",86,5,5,700
"VA",77,6,5,650
"LA",61,23,5,650
"LA",55,26,5,650
"FL",69,7,5,650
"CA",65,27,5,600
"FL",33,19,5,600
"WI",77,7,5,600
"WV",71,14,5,600
"WV",68,13,5,600
"VA",59,7,5,600
"IN",35,13,5,600
"WV",42,7,5,600
"LA",78,12,5,600
"IN",75,12,5,600
"FL",36,18,5,500
"WI",49,8,5,500
"VA",44,13,5,500
"FL",97,2,5,500
"MO",72,9,5,500
"OK",61,6,5,500
"AL",56,6,5,500
"AL",47,8,5,500
"CA",73,17,5,500
"VA",44,14,5,480
"VA",43,14,5,460
"VA",55,13,5,450
"VA",39,13,5,450
"FL",40,8,5,450
"GA",80,4,5,450
"CA",69,11,5,450
"CA",67,11,5,450
"CA",81,5,5,450
"GA",60,12,5,450
"MN",71,5,5,450
"OK",52,14,5,450
"FL",62,12,5,450
"MO",46,7,5,450
"FL",50,4,5,430
"IA",47,2,5,400
"FL",86,8,5,400
"MO",53,10,5,400
"VA",69,13,5,400
"CA",58,6,5,400
"MO",77,8,5,400
"FL",69,6,5,400
"MO",76,3,5,400
"NJ",47,6,5,400
"LA",51,4,5,400
"NJ",49,4,5,360
"FL",78,8,5,360
"MO",67,9,5,350
"VA",70,6,5,350
"LA",92,6,5,350
"AL",62,5,5,350
"IL",64,5,5,350
"CA",62,13,5,300
"PA",42,3,5,300
"VA",60,3,5,300
"WA",78,8,5,300
"WA",77,8,5,300
"IA",52,7,5,300
"VA",61,3,5,300
"CA",78,4,5,300
"WV",70,9,5,300
"IN",48,5,5,300
"NJ",63,6,5,300
"MD",66,4,5,300
"PA",40,4,5,300
"OK",61,3,5,300
"PA",92,2,5,300
"PA",39,4,5,300
"PA",76,4,5,300
"FL",85,5,5,300
"IN",54,7,5,280
"VA",42,6,5,260
"MO",56,4,5,250
"MO",60,5,5,250
"VA",31,7,5,250
"FL",68,2,5,250
"FL",82,1,5,250
"FL",54,3,5,250
"FL",80,4,5,250
"FL",77,1,5,250
"OK",50,7,5,230
"FL",53,8,5,230
"MO",64,2,5,220
"WA",80,63,5,200
"MO",90,2,5,200
"PA",84,2,5,200
"FL",69,2,5,200
"PA",92,1,5,200
"TX",72,4,5,200
"TX",70,4,5,200
"FL",85,1,5,200
"TX",58,4,5,200
"CT",78,4,5,200
"FL",65,2,5,200
"PA",41,2,5,200
"FL",78,2,5,200
"FL",85,4,5,200
"IN",86,3,5,200
"IN",83,3,5,200
"PA",40,2,5,200
"WA",83,4,5,200
"VA",85,2,5,200
"AL",73,2,5,200
"NY",45,3,5,180
"CT",66,3,5,180
"VA",90,1,5,180
"IN",37,2,5,150
"NJ",93,1,5,150
"CA",79,6,5,150
"WA",80,3,5,150
"VA",71,1,5,150
"MA",72,2,5,150
"VA",39,3,5,140
"NY",34,3,5,130
"IL",47,3,5,110
"NV",69,1,5,100
"VA",88,2,5,100
"NY",91,2,5,100
"NY",82,1,5,100
"NY",80,1,5,100
"NY",84,1,5,100
"FL",89,1,5,100
"TX",77,2,5,100
"FL",83,1,5,100
"FL",75,1,5,100
"IN",55,3,5,100
"FL",71,1,5,100
"FL",88,1,5,100
"FL",74,1,5,100
"FL",83,1,5,100
"FL",88,1,5,100
"FL",79,1,5,100
"IN",68,1,5,100
"FL",85,1,5,100
"GA",65,1,5,80
"NY",90,1,5,80
"NY",78,1,5,80
"MO",89,1,5,80
"VA",64,1,5,80
"NY",81,1,5,80
"NY",68,1,5,60
"NY",83,1,5,60
"NY",76,1,5,60
"NY",93,1,5,60
"NY",77,1,5,60
"DC",62,1,5,60
"TX",70,1,5,60
"CA",80,1,5,50
"OK",48,1,5,50
"IN",82,1,5,50
"VA",85,1,5,50
"NY",79,1,5,40
"MD",61,1,5,40
"IN",73,14,6,5000
"FL",61,126,6,4700
"PA",41,133,6,4200
"FL",50,83,6,3500
"NJ",56,195,6,3300
"IL",47,125,6,3000
"CA",58,138,6,3000
"NJ",12,150,6,3000
"HI",71,78,6,3000
"IL",61,124,6,2600
"VA",38,56,6,2600
"OH",22,56,6,2500
"NJ",50,85,6,2500
"OH",61,65,6,2400
"FL",60,39,6,2300
"CA",73,82,6,2300
"PA",51,28,6,2200
"NV",61,111,6,2200
"NJ",9,130,6,2200
"LA",68,54,6,2100
"CA",76,84,6,2000
"IL",89,46,6,2000
"NY",62,61,6,1900
"MI",58,39,6,1900
"NY",64,56,6,1800
"IN",67,48,6,1800
"SC",81,47,6,1800
"IN",47,64,6,1800
"MD",44,62,6,1800
"IL",42,63,6,1800
"FL",58,14,6,1700
"CA",71,61,6,1600
"LA",48,55,6,1600
"LA",52,30,6,1600
"AR",94,55,6,1600
"NY",60,48,6,1600
"TX",44,39,6,1600
"OK",18,63,6,1500
"FL",43,11,6,1500
"FL",71,51,6,1500
"IL",50,61,6,1500
"IL",31,52,6,1500
"LA",65,56,6,1500
"FL",49,24,6,1500
"LA",44,57,6,1500
"FL",83,30,6,1500
"NJ",70,49,6,1500
"CT",42,62,6,1500
"FL",42,51,6,1500
"LA",55,54,6,1400
"CA",63,52,6,1400
"NY",91,39,6,1400
"CA",71,49,6,1300
"NJ",38,38,6,1300
"MS",40,51,6,1300
"NY",23,28,6,1300
"NY",23,28,6,1300
"OH",48,25,6,1300
"OH",30,26,6,1300
"MO",81,26,6,1200
"CA",78,46,6,1200
"NY",22,41,6,1200
"VA",74,19,6,1200
"IN",76,28,6,1100
"DC",40,30,6,1100
"OK",46,21,6,1100
"DC",50,29,6,1100
"NJ",33,35,6,1100
"OH",38,27,6,1000
"MD",29,28,6,1000
"KS",59,28,6,1000
"FL",62,21,6,1000
"ME",74,11,6,1000
"NY",68,29,6,990
"IL",24,27,6,900
"IN",63,27,6,900
"NY",54,30,6,900
"PA",44,28,6,900
"IL",53,26,6,900
"NY",59,28,6,870
"VA",89,3,6,800
"FL",71,27,6,800
"GA",46,27,6,800
"NH",76,14,6,800
"NH",77,13,6,800
"IL",49,25,6,800
"NJ",48,18,6,800
"GA",50,18,6,780
"IL",37,24,6,770
"FL",56,22,6,770
"VA",64,19,6,760
"UT",73,20,6,700
"IA",38,10,6,700
"GA",46,23,6,700
"IA",53,9,6,700
"WI",49,11,6,650
"FL",72,9,6,650
"MS",44,23,6,650
"DC",51,5,6,650
"TX",72,14,6,640
"NY",60,19,6,620
"IA",57,12,6,620
"AZ",79,27,6,610
"PA",19,24,6,600
"CA",62,24,6,600
"MD",31,12,6,600
"ME",69,4,6,600
"DC",48,12,6,600
"VA",66,15,6,600
"MT",48,12,6,600
"MO",81,12,6,550
"PA",46,14,6,550
"MO",47,10,6,550
"GA",64,10,6,550
"ME",73,7,6,540
"CT",52,13,6,520
"VA",67,13,6,520
"MO",78,9,6,500
"NJ",62,4,6,500
"IA",58,13,6,500
"FL",44,4,6,500
"IL",21,15,6,500
"IL",91,13,6,500
"IL",92,11,6,500
"OH",51,13,6,490
"IL",89,5,6,480
"IL",22,14,6,480
"MO",58,12,6,450
"MO",72,14,6,450
"VA",45,7,6,450
"PA",35,14,6,420
"PA",34,14,6,420
"FL",60,11,6,400
"FL",25,5,6,400
"GA",58,12,6,400
"GA",46,12,6,400
"VA",71,2,6,400
"CT",74,5,6,400
"FL",76,8,6,400
"FL",57,7,6,400
"NJ",47,9,6,400
"VA",56,13,6,400
"FL",67,5,6,360
"NY",26,10,6,350
"VA",92,2,6,350
"GA",83,9,6,350
"CT",72,4,6,350
"IA",48,4,6,340
"IN",46,10,6,320
"IN",48,10,6,320
"OH",75,2,6,300
"MA",67,4,6,300
"MO",52,5,6,300
"PA",64,3,6,300
"CA",59,13,6,300
"MO",45,6,6,300
"CA",56,5,6,300
"MO",58,5,6,300
"IN",57,7,6,300
"TX",81,3,6,300
"VA",61,6,6,300
"MO",67,4,6,300
"AL",61,2,6,300
"AL",59,2,6,300
"MA",53,6,6,300
"WV",19,4,6,300
"MO",60,7,6,250
"MO",84,3,6,250
"VA",63,6,6,250
"AL",71,3,6,250
"NJ",53,3,6,230
"MO",47,7,6,230
"NJ",56,3,6,230
"VA",72,4,6,230
"IN",50,5,6,220
"AL",62,1,6,220
"FL",57,4,6,200
"VA",75,1,6,200
"VA",37,2,6,200
"PA",53,1,6,200
"DC",65,2,6,200
"IA",50,2,6,200
"CA",59,7,6,200
"FL",89,2,6,200
"OH",61,3,6,200
"FL",62,3,6,200
"DC",40,2,6,200
"FL",85,3,6,200
"LA",70,4,6,200
"LA",72,2,6,180
"LA",74,6,6,180
"IN",38,3,6,170
"MA",58,2,6,170
"VA",86,1,6,160
"OH",58,1,6,160
"OH",73,1,6,160
"MA",41,3,6,160
"NY",78,2,6,150
"MA",20,2,6,150
"MA",56,1,6,150
"MA",70,1,6,150
"IN",73,3,6,150
"WV",82,1,6,150
"NY",94,2,6,150
"MA",59,1,6,130
"VA",86,3,6,130
"DC",25,2,6,130
"OK",49,3,6,130
"CT",38,3,6,120
"NY",76,1,6,120
"VA",51,3,6,120
"MD",65,2,6,100
"VA",37,2,6,100
"CA",51,7,6,100
"OH",57,1,6,100
"OH",43,1,6,100
"FL",49,1,6,100
"IN",48,1,6,100
"OK",46,1,6,100
"WV",60,1,6,100
"DC",56,2,6,100
"MO",48,1,6,100
"PA",66,1,6,100
"WV",37,1,6,100
"WV",38,1,6,100
"IN",70,1,6,100
"VA",64,1,6,100
"WV",32,1,6,100
"LA",70,2,6,100
"MO",58,1,6,100
"DC",72,1,6,98
"FL",94,1,6,80
"OH",70,1,6,60
"IN",71,1,6,50
"VA",33,1,6,50
"MO",88,1,6,50
"IN",77,1,6,50
"FL",54,1,6,40
"FL",2,459,7,9000
"HI",60,75,7,5100
"PA",56,118,7,4000
"NC",61,126,7,4000
"PA",33,124,7,3900
"PA",64,103,7,3800
"KY",32,125,7,3600
"CA",73,139,7,3500
"PA",56,115,7,3500
"SC",60,74,7,2700
"CT",40,125,7,2600
"MI",30,106,7,2600
"IL",47,47,7,2500
"GA",56,83,7,2300
"MD",50,53,7,2200
"VA",57,63,7,2200
"DC",49,60,7,2200
"CT",54,48,7,2200
"AL",71,51,7,2100
"IL",26,55,7,2000
"IL",26,56,7,2000
"CA",72,45,7,2000
"IL",51,83,7,2000
"MO",59,45,7,2000
"IL",57,66,7,2000
"VA",22,54,7,1900
"PA",56,67,7,1900
"VA",56,53,7,1900
"MD",55,60,7,1800
"PA",43,55,7,1800
"VA",40,23,7,1800
"MA",67,44,7,1800
"AL",40,44,7,1800
"NJ",48,41,7,1800
"IL",44,64,7,1800
"VA",56,54,7,1800
"NY",50,51,7,1700
"GA",43,46,7,1700
"NJ",45,52,7,1700
"NJ",30,56,7,1700
"CT",47,55,7,1700
"MI",51,33,7,1700
"LA",86,40,7,1600
"AL",51,60,7,1600
"GA",52,47,7,1600
"IL",44,39,7,1600
"AL",36,62,7,1600
"PA",31,52,7,1500
"FL",77,48,7,1500
"MN",82,44,7,1500
"WV",30,54,7,1500
"LA",65,54,7,1500
"WA",61,54,7,1500
"AL",32,44,7,1500
"IL",16,57,7,1400
"NY",60,39,7,1300
"IL",63,12,7,1300
"GA",57,47,7,1300
"WV",31,27,7,1300
"CT",52,41,7,1200
"OH",67,23,7,1200
"CA",79,56,7,1200
"DC",51,23,7,1200
"NY",64,37,7,1100
"IA",47,26,7,1100
"WA",56,54,7,1000
"NY",82,42,7,1000
"NY",74,28,7,1000
"MD",46,27,7,1000
"MO",82,26,7,1000
"MO",39,26,7,1000
"FL",39,30,7,1000
"MA",76,27,7,980
"MA",56,28,7,980
"AL",35,19,7,950
"FL",68,14,7,920
"FL",62,9,7,920
"CA",67,24,7,900
"MS",47,14,7,900
"FL",78,12,7,900
"FL",29,52,7,900
"IL",38,26,7,900
"IL",44,25,7,900
"NY",56,28,7,900
"NY",60,26,7,880
"PA",32,44,7,850
"CT",42,23,7,850
"IL",52,28,7,800
"LA",28,26,7,800
"NH",74,14,7,800
"FL",41,19,7,800
"IN",43,25,7,800
"WV",31,26,7,800
"LA",59,11,7,800
"LA",30,28,7,800
"CT",53,27,7,800
"AL",41,27,7,800
"DE",50,13,7,800
"IL",53,26,7,800
"LA",59,25,7,750
"DC",39,14,7,750
"FL",66,14,7,730
"CA",71,24,7,700
"CA",72,23,7,700
"CA",61,20,7,700
"ME",98,3,7,700
"CT",35,27,7,700
"LA",43,15,7,700
"IL",69,26,7,700
"GA",42,16,7,700
"CT",31,27,7,680
"IA",20,11,7,660
"IL",48,11,7,650
"IL",40,10,7,650
"GA",50,18,7,650
"VA",45,14,7,650
"LA",51,20,7,610
"DC",39,11,7,600
"IA",70,4,7,600
"IA",32,5,7,550
"ME",76,6,7,550
"OK",29,13,7,500
"NJ",31,7,7,500
"GA",58,12,7,500
"PA",71,14,7,500
"TN",69,12,7,500
"VA",50,17,7,500
"IL",37,11,7,500
"VA",17,15,7,500
"GA",49,12,7,500
"TN",48,10,7,500
"VA",41,18,7,500
"FL",50,13,7,500
"ME",52,7,7,500
"TX",50,4,7,500
"FL",83,2,7,500
"MI",79,6,7,490
"VA",43,14,7,480
"MA",62,6,7,460
"CA",68,17,7,450
"OK",41,13,7,450
"VA",44,14,7,450
"LA",47,12,7,450
"LA",50,10,7,450
"OH",41,12,7,440
"VA",51,4,7,440
"MI",78,7,7,430
"NJ",46,13,7,420
"IL",42,10,7,400
"IA",57,7,7,400
"WV",32,3,7,400
"WV",29,10,7,400
"CT",76,3,7,350
"IL",56,12,7,350
"NJ",42,5,7,350
"VA",77,4,7,350
"WV",37,6,7,350
"PA",75,6,7,350
"CT",70,3,7,350
"WV",28,4,7,350
"FL",83,1,7,340
"LA",45,11,7,330
"MI",78,6,7,330
"IL",84,8,7,330
"MI",66,5,7,320
"MO",40,6,7,320
"CT",34,6,7,320
"NJ",28,9,7,320
"FL",81,1,7,310
"MO",56,5,7,300
"CT",82,3,7,300
"PA",56,3,7,300
"MA",80,6,7,300
"MO",45,7,7,300
"WV",75,3,7,300
"OH",49,3,7,300
"OH",52,1,7,300
"OH",73,4,7,300
"CA",59,11,7,300
"MO",42,7,7,300
"PA",75,3,7,300
"FL",72,1,7,300
"IN",53,7,7,300
"PA",37,2,7,300
"DC",78,2,7,300
"IN",87,1,7,300
"PA",47,2,7,300
"PA",61,4,7,300
"FL",48,8,7,280
"VA",54,6,7,280
"MO",60,2,7,270
"PA",70,7,7,260
"VA",60,6,7,250
"VA",53,7,7,250
"VA",55,7,7,250
"AL",56,5,7,250
"AL",60,4,7,250
"PA",75,7,7,250
"AL",54,4,7,250
"VA",64,7,7,250
"FL",78,3,7,240
"NJ",44,6,7,240
"FL",76,3,7,240
"OH",51,2,7,220
"OH",77,1,7,220
"FL",51,5,7,200
"FL",58,4,7,200
"VA",56,2,7,200
"WV",53,1,7,200
"WV",37,2,7,200
"IN",48,7,7,200
"WV",79,1,7,200
"FL",88,3,7,200
"FL",95,3,7,200
"IN",44,6,7,200
"NY",96,2,7,200
"PA",81,2,7,200
"WV",43,1,7,200
"VA",67,1,7,200
"WV",39,1,7,200
"PA",58,4,7,200
"WV",32,1,7,200
"FL",78,1,7,200
"MA",74,3,7,180
"MI",45,3,7,180
"CA",85,5,7,180
"MA",69,3,7,170
"PA",64,2,7,170
"MI",44,3,7,170
"CT",84,1,7,160
"VA",83,1,7,160
"WV",68,1,7,150
"DC",77,3,7,150
"DC",62,1,7,150
"AL",67,1,7,150
"DC",30,3,7,150
"VA",52,3,7,130
"NY",78,1,7,120
"CT",44,3,7,120
"FL",65,1,7,110
"SD",31,1,7,100
"IN",50,1,7,100
"MD",78,3,7,100
"IL",35,2,7,100
"OH",79,1,7,100
"VA",86,1,7,100
"IN",46,2,7,100
"PA",91,1,7,100
"VA",77,1,7,100
"MS",79,1,7,100
"MD",86,1,7,100
"FL",83,1,7,100
"NY",60,1,7,100
"WV",32,1,7,100
"VA",42,1,7,90
"IN",85,1,7,80
"NY",81,1,7,80
"IN",55,1,7,80
"NY",74,1,7,80
"VA",80,1,7,75
"OK",17,1,7,60
"NY",76,1,7,60
"NY",77,1,7,60
"FL",90,1,7,51
"FL",89,1,7,50
"NY",77,1,7,40
"VA",53,1,7,40
"NY",42,1,7,40
"NY",78,1,7,40
"DC",64,1,7,40
"PA",52,155,8,5200
"CA",68,252,8,4700
"CA",67,251,8,4600
"FL",47,121,8,4300
"FL",52,102,8,4200
"MD",3,123,8,4000
"FL",46,57,8,4000
"KY",57,132,8,3500
"VA",18,118,8,3300
"NJ",11,150,8,3000
"VA",49,87,8,3000
"NJ",66,118,8,2900
"FL",47,45,8,2800
"IL",42,81,8,2700
"IL",40,87,8,2600
"CA",41,85,8,2500
"FL",43,84,8,2500
"FL",44,35,8,2400
"VA",35,55,8,2400
"CT",51,98,8,2400
"MS",37,74,8,2300
"OH",71,61,8,2300
"DC",71,16,8,2200
"IL",33,84,8,2200
"AL",62,84,8,2200
"GA",46,61,8,2100
"IL",22,84,8,2100
"DE",41,40,8,2000
"IL",42,83,8,2000
"PA",29,55,8,2000
"MD",54,60,8,2000
"NJ",48,71,8,2000
"NJ",53,41,8,2000
"NJ",54,34,8,1900
"IL",48,46,8,1900
"MD",41,58,8,1900
"IL",54,61,8,1800
"DE",36,55,8,1800
"AL",72,56,8,1800
"LA",53,55,8,1800
"FL",48,67,8,1800
"LA",25,95,8,1800
"CA",35,56,8,1700
"AL",49,55,8,1700
"IL",59,55,8,1700
"FL",38,60,8,1700
"NJ",25,60,8,1600
"FL",66,50,8,1600
"CT",53,54,8,1600
"MS",34,55,8,1600
"IL",50,60,8,1600
"IL",58,62,8,1500
"IL",40,49,8,1500
"MS",33,47,8,1500
"GA",49,62,8,1500
"AL",40,35,8,1500
"WA",60,62,8,1500
"NJ",56,44,8,1500
"IL",39,62,8,1400
"WA",85,43,8,1400
"MA",76,13,8,1400
"NV",66,36,8,1400
"CT",43,62,8,1300
"IL",45,62,8,1300
"IL",33,59,8,1300
"CT",48,35,8,1300
"LA",44,34,8,1300
"SC",75,35,8,1300
"SC",64,35,8,1300
"DC",62,28,8,1200
"DC",81,26,8,1200
"VA",37,24,8,1200
"IL",40,55,8,1200
"OH",73,25,8,1200
"MS",44,42,8,1200
"IL",39,22,8,1200
"NJ",21,45,8,1100
"FL",36,23,8,1100
"IL",75,26,8,1100
"PA",54,27,8,1100
"PA",21,28,8,1100
"OH",44,24,8,1100
"FL",68,8,8,1000
"MI",50,24,8,1000
"VA",32,26,8,1000
"VA",21,27,8,1000
"FL",85,4,8,1000
"TN",77,23,8,1000
"MO",40,26,8,1000
"VA",90,20,8,1000
"NY",75,21,8,1000
"LA",61,26,8,1000
"MI",42,23,8,1000
"NY",52,32,8,1000
"ME",74,5,8,1000
"MA",80,27,8,980
"GA",58,25,8,930
"MD",88,29,8,900
"CA",33,27,8,900
"LA",48,34,8,900
"GA",49,26,8,900
"LA",47,27,8,900
"ME",75,10,8,900
"CT",49,31,8,900
"DC",43,29,8,900
"CT",52,27,8,900
"PA",46,29,8,900
"NY",44,30,8,880
"NY",57,30,8,870
"PA",26,28,8,850
"RI",56,27,8,850
"NY",76,28,8,840
"NY",51,28,8,840
"TN",67,15,8,830
"NJ",71,27,8,810
"FL",61,28,8,800
"LA",32,28,8,800
"TX",81,9,8,800
"NJ",43,11,8,800
"FL",71,11,8,800
"LA",46,24,8,800
"GA",40,28,8,800
"LA",53,25,8,800
"IL",49,22,8,800
"FL",73,6,8,750
"MS",41,27,8,750
"FL",57,12,8,730
"TN",73,10,8,700
"FL",58,1,8,700
"WA",53,24,8,700
"WA",33,25,8,700
"LA",80,28,8,700
"WA",77,21,8,700
"FL",67,10,8,700
"CA",63,28,8,700
"GA",39,21,8,700
"MO",69,10,8,650
"LA",78,10,8,650
"IL",49,13,8,610
"MA",63,21,8,600
"FL",60,2,8,600
"FL",63,1,8,600
"FL",64,5,8,600
"FL",51,5,8,600
"ME",71,2,8,600
"WV",30,12,8,600
"NV",68,19,8,600
"IA",63,4,8,600
"FL",58,8,8,600
"FL",65,5,8,600
"MD",52,16,8,600
"LA",65,12,8,600
"TN",61,9,8,580
"PA",70,14,8,550
"MD",54,13,8,550
"FL",56,14,8,550
"VA",86,4,8,540
"KY",8,12,8,530
"GA",59,13,8,520
"LA",28,27,8,510
"AL",62,7,8,500
"VA",43,14,8,500
"PA",71,11,8,500
"DC",81,6,8,500
"VA",59,14,8,500
"VA",42,23,8,500
"CT",76,13,8,500
"WV",64,3,8,500
"TX",86,20,8,500
"IL",61,5,8,490
"FL",72,12,8,480
"MA",42,13,8,470
"PA",62,14,8,460
"MS",39,17,8,460
"PA",78,14,8,460
"PA",69,14,8,460
"MA",60,13,8,450
"VA",43,14,8,450
"VA",50,14,8,450
"MD",30,14,8,450
"FL",40,5,8,450
"AL",66,11,8,450
"MA",37,13,8,450
"VA",38,14,8,450
"VA",32,14,8,450
"VA",20,14,8,450
"MS",85,12,8,450
"MA",78,5,8,440
"MA",55,13,8,440
"FL",62,2,8,420
"TX",80,9,8,400
"LA",35,12,8,400
"CA",87,5,8,400
"FL",54,6,8,400
"IN",86,12,8,400
"FL",76,1,8,400
"NY",50,3,8,390
"CT",32,15,8,390
"FL",73,4,8,390
"FL",64,2,8,350
"OH",57,4,8,350
"CT",57,3,8,350
"OH",44,3,8,350
"VA",53,7,8,330
"PA",73,3,8,320
"FL",79,1,8,320
"MA",68,3,8,300
"FL",70,2,8,300
"IA",16,6,8,300
"IA",76,2,8,300
"NJ",51,2,8,300
"MA",29,3,8,300
"CA",71,4,8,300
"MA",24,6,8,300
"PA",84,2,8,300
"NY",66,9,8,300
"AZ",43,7,8,300
"MA",40,6,8,300
"MA",80,4,8,300
"CT",68,7,8,300
"IN",51,7,8,300
"CT",62,6,8,300
"MA",53,6,8,300
"IL",41,13,8,300
"MA",15,7,8,300
"MA",52,7,8,300
"FL",77,2,8,300
"GA",84,3,8,300
"MA",43,5,8,300
"NY",35,8,8,290
"AL",61,6,8,290
"VA",42,4,8,280
"IA",57,4,8,260
"OH",56,2,8,250
"OH",26,2,8,250
"NJ",51,2,8,250
"TX",93,3,8,250
"TX",72,13,8,250
"OH",47,3,8,250
"PA",37,3,8,250
"IA",61,2,8,250
"AL",51,2,8,250
"OH",64,6,8,250
"FL",53,11,8,220
"PA",76,1,8,200
"FL",82,1,8,200
"FL",85,1,8,200
"WV",88,1,8,200
"FL",75,1,8,200
"FL",57,1,8,200
"FL",60,1,8,200
"MO",46,7,8,200
"NY",82,2,8,200
"AL",57,2,8,200
"MA",81,1,8,200
"FL",87,3,8,200
"FL",86,2,8,200
"FL",78,2,8,200
"OH",28,2,8,200
"FL",56,1,8,200
"FL",85,2,8,200
"VA",61,1,8,200
"WV",24,6,8,200
"VA",83,1,8,200
"VA",48,3,8,200
"FL",52,2,8,200
"WV",40,1,8,200
"IL",54,3,8,200
"NY",68,3,8,160
"IN",24,2,8,150
"IA",48,2,8,150
"CA",71,9,8,150
"WV",85,1,8,150
"VA",40,6,8,150
"AL",42,2,8,150
"VA",74,1,8,150
"VA",64,1,8,150
"VA",60,1,8,150
"PA",64,2,8,150
"FL",70,1,8,150
"IL",65,2,8,150
"VA",39,1,8,150
"CA",72,5,8,150
"VA",48,3,8,150
"CA",70,7,8,150
"DC",84,1,8,150
"MD",69,2,8,150
"NY",90,2,8,140
"MS",44,5,8,140
"OH",88,1,8,140
"CA",44,6,8,120
"FL",63,1,8,100
"NY",86,2,8,100
"NY",82,1,8,100
"NY",87,1,8,100
"NY",80,1,8,100
"NY",89,1,8,100
"NY",72,1,8,100
"FL",74,1,8,100
"FL",79,1,8,100
"FL",57,1,8,100
"FL",89,1,8,100
"FL",77,1,8,100
"FL",73,1,8,100
"WV",37,1,8,100
"WV",30,1,8,100
"FL",92,1,8,100
"IA",85,1,8,100
"IA",85,1,8,100
"MO",48,3,8,100
"IN",46,1,8,100
"FL",62,1,8,100
"NY",63,2,8,100
"DC",72,1,8,100
"NY",93,1,8,100
"MS",91,1,8,100
"NJ",59,1,8,100
"MO",48,1,8,100
"IN",48,1,8,100
"MA",59,1,8,100
"NY",66,1,8,100
"IN",70,1,8,100
"IN",44,1,8,100
"NY",86,1,8,100
"CA",86,1,8,100
"NY",69,1,8,80
"NY",84,1,8,80
"NY",26,1,8,80
"IN",44,1,8,80
"NY",75,1,8,80
"NY",68,1,8,80
"NY",59,1,8,80
"VA",35,1,8,80
"NY",66,1,8,80
"DC",97,1,8,60
"NY",76,1,8,60
"NY",65,1,8,60
"NY",86,1,8,60
"NY",78,1,8,60
"NY",88,1,8,60
"NY",84,1,8,60
"NY",79,1,8,60
"NY",83,1,8,60
"NY",72,1,8,60
"NJ",50,1,8,60
"NY",78,1,8,60
"FL",78,1,8,60
"NY",58,1,8,60
"NY",74,1,8,60
"NY",77,1,8,60
"AZ",87,1,8,50
"FL",84,1,8,40
"NY",66,1,8,40
"NY",72,1,8,40
"NY",76,1,8,40
"FL",72,1,8,40
"NY",59,1,8,40
"AK",35,218,9,7500
"NJ",11,429,9,6800
"IL",42,248,9,6500
"IL",47,247,9,6000
"CT",51,123,9,4400
"CA",46,240,9,4400
"NC",69,116,9,4200
"TX",62,162,9,4000
"PA",44,123,9,3600
"VA",53,83,9,3600
"OH",43,121,9,3600
"PA",46,122,9,3600
"IL",74,120,9,3500
"MD",39,127,9,3500
"TN",39,111,9,3400
"OH",55,81,9,3300
"GA",68,104,9,3300
"LA",74,107,9,3200
"LA",21,119,9,3100
"CA",51,111,9,2800
"MA",62,55,9,2700
"VA",59,55,9,2600
"PA",48,65,9,2600
"NJ",33,99,9,2500
"CT",31,124,9,2500
"PA",42,124,9,2500
"TX",49,79,9,2500
"FL",53,81,9,2400
"VA",31,40,9,2400
"IL",44,87,9,2400
"LA",59,53,9,2200
"TX",47,83,9,2200
"VA",31,52,9,2200
"MD",60,54,9,2200
"CT",38,39,9,2200
"WA",75,72,9,2100
"GA",48,62,9,2100
"LA",57,42,9,2100
"VA",41,55,9,2000
"IL",74,51,9,2000
"MD",50,56,9,2000
"TN",63,55,9,2000
"MA",50,52,9,1900
"MD",42,28,9,1900
"MD",34,30,9,1900
"VA",39,59,9,1900
"CA",79,86,9,1800
"CA",78,86,9,1800
"TN",56,43,9,1800
"NJ",57,59,9,1800
"MD",61,61,9,1800
"GA",64,46,9,1800
"CT",51,58,9,1800
"NJ",8,56,9,1700
"NJ",49,55,9,1700
"IL",57,61,9,1700
"GA",60,47,9,1700
"NJ",48,55,9,1700
"NJ",46,51,9,1700
"NJ",52,57,9,1700
"IL",77,62,9,1700
"CA",60,48,9,1700
"NJ",43,54,9,1700
"NJ",38,50,9,1600
"MI",66,47,9,1600
"LA",47,25,9,1600
"NV",61,80,9,1600
"NJ",39,56,9,1600
"MI",66,47,9,1600
"NJ",60,54,9,1600
"MS",30,56,9,1500
"PA",36,45,9,1500
"CA",66,48,9,1500
"CA",76,81,9,1500
"IL",30,72,9,1500
"NY",54,36,9,1400
"IL",57,58,9,1400
"GA",48,54,9,1400
"KY",52,48,9,1400
"NJ",81,7,9,1300
"GA",49,45,9,1300
"VA",85,14,9,1300
"IL",58,48,9,1300
"NJ",42,44,9,1200
"PA",49,47,9,1200
"LA",16,41,9,1200
"NV",75,50,9,1200
"LA",52,55,9,1200
"IL",39,55,9,1200
"VA",48,24,9,1200
"FL",43,32,9,1200
"CA",57,67,9,1200
"NJ",25,30,9,1200
"PA",39,28,9,1100
"WI",49,26,9,1100
"CT",85,27,9,1100
"MD",74,26,9,1100
"CT",45,31,9,1100
"VA",57,27,9,1100
"NY",46,34,9,1000
"WI",51,25,9,1000
"KY",76,30,9,1000
"MA",34,27,9,1000
"CT",76,27,9,1000
"FL",52,26,9,1000
"IL",21,30,9,1000
"RI",53,30,9,1000
"NY",61,24,9,1000
"KY",33,30,9,990
"LA",46,19,9,970
"NY",70,30,9,960
"NY",76,30,9,960
"MD",20,28,9,930
"MI",66,20,9,900
"MO",77,10,9,900
"MD",69,26,9,900
"WA",70,25,9,900
"MD",55,28,9,900
"MO",63,24,9,900
"WI",89,23,9,900
"FL",77,24,9,900
"CT",60,27,9,900
"LA",51,24,9,880
"NY",56,30,9,870
"NY",41,45,9,870
"IL",42,27,9,850
"GA",39,23,9,850
"NJ",29,33,9,840
"IA",52,26,9,800
"CT",55,28,9,800
"IL",53,27,9,800
"FL",41,26,9,800
"IL",71,27,9,800
"CT",54,27,9,800
"FL",79,28,9,800
"TN",60,6,9,800
"NJ",12,16,9,800
"IL",41,24,9,800
"FL",50,16,9,800
"GA",62,20,9,800
"WA",72,24,9,800
"NJ",46,26,9,750
"VA",39,27,9,750
"FL",74,2,9,750
"WA",67,23,9,750
"NJ",28,26,9,750
"NJ",27,23,9,750
"WV",67,5,9,700
"GA",55,28,9,700
"FL",59,11,9,700
"NV",60,26,9,600
"FL",78,5,9,600
"CA",86,11,9,600
"TX",45,25,9,600
"FL",69,3,9,600
"CA",61,22,9,580
"AZ",56,28,9,560
"AL",86,14,9,560
"WV",59,12,9,550
"DC",87,11,9,550
"CT",70,14,9,500
"MD",44,14,9,500
"NJ",49,1,9,500
"VA",20,14,9,500
"CA",61,28,9,500
"CT",37,7,9,500
"FL",64,4,9,500
"CT",36,14,9,500
"IL",65,13,9,500
"FL",47,14,9,500
"VA",41,14,9,500
"FL",65,6,9,500
"MO",53,10,9,500
"NJ",41,3,9,500
"VA",47,13,9,500
"RI",56,14,9,500
"FL",49,9,9,500
"MA",71,4,9,500
"FL",57,10,9,460
"FL",66,3,9,450
"IL",66,26,9,450
"AL",43,12,9,450
"IL",61,12,9,400
"LA",73,7,9,400
"FL",46,7,9,400
"CT",69,5,9,400
"FL",74,5,9,400
"IL",56,13,9,400
"NV",68,8,9,380
"WV",27,6,9,380
"FL",43,3,9,350
"FL",70,1,9,350
"FL",68,1,9,350
"CA",63,7,9,350
"IN",53,7,9,300
"MA",59,6,9,300
"FL",71,3,9,300
"CA",76,7,9,300
"CA",70,7,9,300
"FL",89,2,9,300
"VA",62,2,9,300
"FL",67,1,9,300
"FL",73,1,9,300
"MO",59,5,9,300
"MA",54,7,9,300
"MA",51,6,9,300
"LA",78,5,9,270
"CA",73,13,9,250
"CA",57,14,9,250
"PA",70,6,9,250
"FL",74,1,9,250
"VA",73,6,9,250
"NY",77,2,9,240
"NY",84,5,9,240
"TX",81,3,9,230
"LA",64,4,9,230
"IL",89,4,9,220
"NJ",52,5,9,200
"LA",77,4,9,200
"FL",86,2,9,200
"MO",55,7,9,200
"MO",57,6,9,200
"FL",78,4,9,200
"IN",87,1,9,200
"NY",86,3,9,200
"IN",88,2,9,200
"NY",75,3,9,200
"FL",54,1,9,200
"FL",73,1,9,200
"CA",57,6,9,200
"IL",65,4,9,200
"NY",84,2,9,200
"NY",74,2,9,200
"LA",82,3,9,180
"AL",47,3,9,180
"MA",85,1,9,160
"KS",90,4,9,150
"DC",58,1,9,150
"DC",43,1,9,150
"IN",63,2,9,150
"IN",84,2,9,150
"FL",77,2,9,150
"OH",72,2,9,150
"VA",58,1,9,150
"AL",65,1,9,150
"DC",36,2,9,150
"VA",44,1,9,150
"CA",75,6,9,130
"FL",72,1,9,120
"PA",57,1,9,120
"IL",46,3,9,120
"IN",63,1,9,100
"NY",72,1,9,100
"WV",39,1,9,100
"VA",56,3,9,100
"NY",74,1,9,100
"IN",46,3,9,100
"FL",89,1,9,100
"NY",84,1,9,100
"NY",82,1,9,100
"FL",68,1,9,100
"IL",48,3,9,100
"PA",57,1,9,100
"FL",73,1,9,100
"IL",67,1,9,100
"FL",93,3,9,100
"FL",52,4,9,100
"FL",78,1,9,100
"MA",85,1,9,100
"VA",65,1,9,100
"IN",45,3,9,100
"MA",89,1,9,90
"MA",88,1,9,90
"NY",79,1,9,80
"NY",77,1,9,80
"NY",80,1,9,80
"NY",90,1,9,60
"VA",57,1,9,60
"FL",67,1,9,60
"NY",63,1,9,60
"NY",78,1,9,60
"NY",79,1,9,60
"NJ",24,1,9,60
"NY",83,1,9,60
"NY",64,1,9,60
"NY",68,1,9,60
"NY",82,1,9,60
"NY",80,1,9,60
"FL",87,1,9,50
"FL",91,1,9,50
"MD",67,1,9,50
"FL",53,2,9,50
"IN",49,1,9,50
"VA",34,1,9,50
"OH",64,1,9,50
"NY",79,1,9,40
"NY",79,1,9,40
"MI",75,1,9,40
"NY",75,1,9,40
"KS",48,2,9,30
"CA",56,505,10,8400
"NY",76,185,10,4600
"OH",62,124,10,4300
"MN",45,102,10,4000
"VA",42,121,10,3600
"MD",84,124,10,3600
"TN",48,79,10,3400
"IL",30,125,10,3200
"IL",50,110,10,3200
"FL",62,84,10,3000
"LA",37,124,10,3000
"NJ",50,111,10,3000
"LA",61,128,10,3000
"CA",66,107,10,2800
"MS",33,109,10,2800
"IL",32,111,10,2800
"GA",68,124,10,2800
"IL",71,122,10,2800
"NJ",27,53,10,2700
"VA",51,41,10,2700
"VA",50,35,10,2400
"DC",91,55,10,2400
"CA",41,125,10,2300
"NJ",40,85,10,2200
"CA",64,88,10,2200
"WV",40,48,10,2200
"NJ",64,46,10,2200
"NJ",66,45,10,2200
"FL",62,73,10,2100
"MI",48,134,10,2000
"GA",61,67,10,2000
"NY",88,60,10,2000
"DC",44,84,10,2000
"VA",42,55,10,2000
"GA",65,55,10,2000
"DC",66,53,10,2000
"MA",43,54,10,1900
"FL",43,62,10,1900
"MD",60,60,10,1900
"IL",83,57,10,1900
"IL",41,63,10,1800
"NJ",52,55,10,1800
"NJ",49,39,10,1800
"MD",52,62,10,1800
"IL",57,53,10,1800
"IL",55,61,10,1800
"MD",44,60,10,1700
"VA",36,61,10,1700
"LA",39,51,10,1700
"VA",47,33,10,1700
"VA",34,27,10,1700
"WA",60,81,10,1600
"NJ",49,55,10,1600
"IN",31,60,10,1600
"FL",54,56,10,1600
"LA",70,61,10,1600
"LA",66,55,10,1600
"NJ",35,55,10,1600
"NJ",54,54,10,1600
"FL",70,50,10,1600
"CA",66,55,10,1500
"IL",31,47,10,1500
"IL",38,62,10,1500
"NJ",34,55,10,1500
"GA",48,52,10,1500
"IL",45,56,10,1500
"NJ",26,26,10,1500
"TX",37,56,10,1400
"MA",73,48,10,1400
"NJ",10,27,10,1300
"OK",33,20,10,1300
"WI",78,51,10,1300
"NJ",35,27,10,1300
"VA",51,23,10,1300
"NJ",53,42,10,1200
"DC",84,26,10,1200
"MD",57,20,10,1200
"GA",61,35,10,1200
"DC",44,30,10,1200
"OH",50,25,10,1200
"NY",70,39,10,1100
"CA",66,45,10,1100
"CA",61,62,10,1100
"VA",42,26,10,1100
"WV",46,27,10,1100
"AZ",55,55,10,1100
"VA",52,27,10,1100
"CA",57,56,10,1000
"CT",87,24,10,1000
"CT",83,20,10,1000
"RI",75,31,10,1000
"VA",54,24,10,1000
"MA",67,27,10,1000
"FL",28,39,10,1000
"NY",70,30,10,1000
"CT",72,25,10,1000
"MS",86,12,10,1000
"CT",74,26,10,1000
"FL",60,15,10,1000
"IL",56,27,10,990
"MI",46,34,10,970
"IL",63,27,10,960
"NY",80,26,10,960
"WI",56,28,10,960
"NY",83,34,10,960
"NY",78,26,10,960
"NY",77,29,10,900
"MD",57,26,10,900
"IN",76,26,10,900
"NY",53,29,10,900
"NY",73,30,10,900
"VA",38,27,10,900
"GA",68,25,10,900
"NY",42,31,10,900
"CT",40,35,10,900
"NJ",56,18,10,900
"GA",45,25,10,900
"NY",82,1,10,900
"NY",60,28,10,870
"FL",77,21,10,850
"FL",70,102,10,850
"CA",61,9,10,850
"FL",77,15,10,850
"MO",72,26,10,850
"MS",44,33,10,850
"FL",45,4,10,800
"IL",56,26,10,800
"CA",82,27,10,750
"IN",81,20,10,750
"NJ",23,24,10,750
"DC",90,9,10,750
"GA",55,27,10,750
"LA",59,27,10,750
"CA",81,21,10,750
"VA",73,5,10,750
"VA",82,9,10,750
"DC",87,21,10,700
"PA",66,26,10,700
"MI",43,22,10,700
"FL",88,12,10,700
"FL",38,20,10,700
"VA",57,10,10,680
"MI",63,45,10,650
"IA",43,6,10,650
"IA",51,10,10,650
"GA",43,20,10,650
"IN",38,20,10,600
"HI",80,6,10,600
"FL",75,6,10,600
"NY",79,18,10,600
"OH",69,10,10,600
"FL",72,5,10,600
"CA",55,23,10,580
"CT",55,14,10,540
"TX",59,27,10,520
"IN",45,14,10,500
"FL",80,3,10,500
"DC",71,11,10,500
"VA",37,13,10,500
"OH",57,13,10,500
"NJ",84,6,10,500
"CT",61,11,10,500
"OH",59,13,10,500
"FL",46,12,10,500
"IL",55,5,10,500
"GA",45,16,10,500
"AL",85,3,10,500
"RI",71,7,10,500
"MS",87,8,10,500
"WV",46,5,10,500
"WV",48,4,10,500
"WV",47,4,10,500
"VA",71,7,10,500
"MO",64,8,10,480
"WI",52,14,10,470
"MA",44,13,10,460
"OH",50,13,10,450
"MD",53,12,10,450
"VA",33,13,10,430
"FL",52,8,10,400
"HI",84,4,10,400
"CA",71,10,10,400
"DC",46,28,10,400
"IL",51,12,10,400
"IL",46,13,10,400
"FL",79,2,10,400
"FL",68,11,10,400
"DC",57,11,10,400
"CA",65,13,10,400
"WV",69,5,10,400
"OH",57,5,10,350
"IA",67,4,10,350
"IN",53,4,10,350
"VA",69,7,10,330
"IL",64,7,10,330
"IL",35,7,10,300
"MA",65,6,10,300
"AL",40,7,10,300
"TX",38,4,10,300
"MA",37,6,10,300
"MO",61,4,10,300
"DC",33,5,10,300
"MO",27,6,10,300
"MA",69,2,10,300
"IA",45,2,10,300
"MO",77,4,10,300
"MO",58,3,10,300
"DC",90,3,10,300
"VA",33,10,10,300
"MA",65,6,10,300
"CA",61,9,10,300
"MA",44,3,10,300
"MO",43,7,10,300
"FL",70,2,10,300
"MO",26,6,10,300
"MS",87,4,10,300
"WV",73,2,10,300
"NY",50,23,10,300
"MA",80,6,10,300
"VA",89,2,10,280
"CT",61,6,10,280
"CA",50,14,10,270
"CT",39,6,10,260
"IN",72,7,10,250
"FL",85,1,10,250
"OH",55,3,10,250
"VA",65,6,10,250
"OH",46,2,10,250
"MA",59,6,10,240
"VA",74,1,10,230
"FL",66,6,10,210
"MA",70,2,10,200
"WV",30,2,10,200
"FL",84,1,10,200
"FL",62,1,10,200
"GA",53,6,10,200
"FL",66,5,10,200
"IN",51,6,10,200
"MA",38,2,10,200
"NY",62,12,10,200
"CA",56,3,10,200
"FL",41,10,10,200
"MD",67,3,10,200
"IN",48,6,10,200
"IN",55,6,10,200
"GA",52,4,10,200
"MS",86,3,10,200
"MS",82,1,10,200
"NY",78,3,10,200
"VA",83,2,10,200
"IN",50,7,10,200
"MA",85,2,10,190
"OH",60,2,10,170
"OH",74,1,10,170
"GA",55,5,10,170
"MA",68,1,10,160
"MA",82,2,10,160
"IN",65,2,10,160
"OH",84,1,10,160
"OH",74,2,10,160
"NJ",67,3,10,160
"MA",78,1,10,150
"IN",64,2,10,150
"VA",77,1,10,150
"OH",83,2,10,150
"IN",64,1,10,150
"IN",52,3,10,150
"OH",82,3,10,150
"VA",38,2,10,140
"CA",48,7,10,140
"DC",47,3,10,130
"VA",39,4,10,130
"MO",62,1,10,120
"MO",53,1,10,120
"NY",90,2,10,120
"NY",86,1,10,120
"VA",88,2,10,110
"IN",90,1,10,100
"IN",86,1,10,100
"NY",60,1,10,100
"NY",81,1,10,100
"IN",77,1,10,100
"MA",82,1,10,100
"NY",51,1,10,100
"MA",75,1,10,100
"IN",24,2,10,100
"OH",82,1,10,100
"NY",75,1,10,100
"FL",77,2,10,100
"NY",89,1,10,100
"IA",63,1,10,100
"MI",79,2,10,100
"TN",89,1,10,100
"NY",76,1,10,100
"VA",84,1,10,100
"VA",86,1,10,100
"DC",67,1,10,100
"MD",65,1,10,100
"FL",92,1,10,100
"FL",85,1,10,100
"IL",52,4,10,100
"NY",59,2,10,90
"CA",73,2,10,90
"MA",68,1,10,90
"IN",76,1,10,81
"NY",77,1,10,80
"NY",90,1,10,80
"NY",76,1,10,80
"NY",91,1,10,80
"NY",92,1,10,80
"OH",83,1,10,70
"NY",79,1,10,70
"NY",80,1,10,60
"NY",87,1,10,60
"NY",88,1,10,60
"NY",87,1,10,60
"NY",72,1,10,60
"NY",87,1,10,60
"NY",53,1,10,60
"NY",73,1,10,60
"NY",59,1,10,60
"IN",64,1,10,60
"NY",55,12,10,60
"NY",90,1,10,60
"FL",15,1,10,60
"OH",62,2,10,50
"FL",50,2,10,50
"NY",77,1,10,40
"NY",78,1,10,40
"DC",76,1,10,40
"NY",63,1,10,40
"NY",90,1,10,40
"DC",66,1,10,20
"IL",45,249,11,6000
"NY",82,170,11,4900
"CA",77,247,11,4500
"CA",58,188,11,4400
"NC",49,124,11,3200
"TN",39,126,11,3200
"CT",52,113,11,3200
"FL",82,97,11,3000
"MD",35,79,11,2900
"WA",65,71,11,2900
"LA",35,123,11,2800
"FL",51,84,11,2700
"WI",52,92,11,2600
"VA",35,55,11,2500
"DC",41,59,11,2400
"NJ",67,81,11,2400
"DC",55,57,11,2400
"VA",98,28,11,2400
"OH",51,61,11,2200
"CA",57,82,11,2200
"CA",37,84,11,2200
"MD",66,8,11,2100
"CA",64,78,11,2100
"NJ",49,85,11,2100
"FL",86,76,11,2100
"FL",53,76,11,2100
"GA",59,58,11,2100
"PA",29,66,11,2100
"GA",70,53,11,2000
"CA",55,111,11,2000
"GA",68,43,11,2000
"IL",51,61,11,1900
"WI",44,51,11,1900
"WI",51,55,11,1900
"LA",64,25,11,1900
"MD",64,47,11,1900
"VA",47,46,11,1900
"IL",68,69,11,1800
"AL",52,79,11,1800
"WI",61,53,11,1800
"NJ",45,54,11,1800
"VA",45,49,11,1800
"OH",72,46,11,1800
"FL",38,43,11,1800
"DC",37,60,11,1800
"PA",61,62,11,1700
"NY",75,58,11,1700
"NJ",72,53,11,1600
"GA",52,45,11,1600
"NJ",44,55,11,1600
"NY",74,56,11,1600
"CT",32,55,11,1600
"FL",52,59,11,1600
"NJ",40,50,11,1600
"NY",55,49,11,1600
"IL",49,57,11,1500
"IL",41,54,11,1500
"FL",82,25,11,1500
"IN",47,56,11,1500
"IL",5,40,11,1500
"CT",75,39,11,1400
"CT",79,37,11,1400
"IL",37,51,11,1400
"MS",47,55,11,1400
"CT",70,48,11,1400
"CA",75,48,11,1300
"CA",79,46,11,1200
"TX",39,49,11,1200
"MD",68,27,11,1200
"NY",72,23,11,1200
"CA",78,57,11,1200
"VA",42,28,11,1200
"PA",69,26,11,1100
"MD",85,31,11,1100
"PA",45,27,11,1100
"NH",72,27,11,1100
"WI",83,45,11,1000
"OH",53,27,11,1000
"VA",79,5,11,1000
"IL",73,27,11,1000
"NY",53,23,11,1000
"FL",68,14,11,1000
"IL",44,41,11,1000
"NY",53,23,11,1000
"MD",76,12,11,1000
"CT",52,29,11,1000
"NJ",31,29,11,1000
"WV",29,25,11,1000
"DC",85,11,11,950
"MD",45,27,11,950
"MA",75,25,11,950
"WI",72,21,11,900
"FL",96,22,11,900
"NY",65,29,11,900
"MA",63,27,11,900
"NY",55,26,11,900
"NY",62,28,11,900
"LA",51,20,11,900
"TX",54,27,11,900
"NY",86,29,11,900
"NY",74,29,11,900
"CA",56,56,11,900
"CT",77,30,11,880
"AL",32,18,11,850
"MA",75,24,11,810
"FL",62,10,11,800
"NY",59,29,11,800
"MO",65,25,11,800
"TX",45,26,11,800
"ME",83,6,11,800
"MN",46,21,11,800
"GA",70,26,11,750
"GA",44,23,11,750
"GA",42,19,11,750
"NJ",39,18,11,720
"WA",71,22,11,700
"MD",74,13,11,700
"LA",45,18,11,700
"DC",73,5,11,700
"CA",48,25,11,700
"NJ",72,12,11,650
"VA",78,13,11,600
"VA",81,5,11,600
"OH",49,13,11,600
"WV",70,6,11,600
"NJ",45,10,11,600
"CA",73,23,11,590
"CA",68,27,11,580
"NJ",49,19,11,560
"OH",63,11,11,560
"NJ",65,20,11,560
"PA",60,13,11,550
"FL",80,12,11,550
"OH",78,9,11,550
"OH",89,11,11,550
"CA",79,27,11,540
"VA",82,4,11,530
"CA",45,28,11,520
"FL",80,4,11,500
"KY",84,11,11,500
"IL",72,13,11,500
"VA",51,55,11,500
"VA",48,14,11,500
"FL",61,3,11,500
"MA",73,12,11,480
"CA",77,19,11,480
"MA",67,13,11,450
"IA",84,12,11,430
"IL",74,13,11,400
"FL",68,2,11,400
"FL",42,12,11,400
"NJ",60,8,11,400
"TX",45,54,11,400
"CA",80,11,11,400
"IL",41,12,11,400
"AL",91,5,11,400
"IL",68,11,11,380
"TN",67,6,11,350
"TN",74,6,11,350
"GA",55,9,11,350
"CT",84,1,11,350
"NY",75,4,11,350
"NY",51,4,11,350
"TN",75,4,11,340
"MA",65,9,11,320
"NJ",80,4,11,320
"TN",77,5,11,320
"FL",80,2,11,300
"DC",77,5,11,300
"MA",50,5,11,300
"NY",79,1,11,300
"NJ",84,4,11,300
"NJ",78,3,11,300
"DC",75,2,11,300
"VA",78,2,11,300
"WA",68,12,11,300
"CA",63,13,11,300
"NY",84,9,11,300
"ME",88,2,11,300
"TX",66,7,11,300
"WV",83,2,11,300
"NJ",68,9,11,280
"CA",61,14,11,280
"VA",65,6,11,280
"CA",64,13,11,260
"VA",43,7,11,250
"NJ",92,2,11,250
"MA",72,3,11,250
"NY",59,5,11,250
"DC",47,4,11,250
"MA",79,6,11,240
"CT",41,5,11,240
"CT",42,6,11,240
"VA",57,5,11,230
"VA",96,2,11,220
"MS",87,2,11,220
"NY",76,2,11,200
"VA",46,1,11,200
"OH",89,3,11,200
"NY",77,1,11,200
"TX",45,7,11,200
"WV",53,2,11,200
"NY",83,3,11,200
"ME",83,1,11,200
"PA",39,2,11,200
"MA",30,1,11,200
"NY",76,3,11,200
"PA",71,2,11,200
"VA",65,3,11,180
"IL",46,6,11,170
"MA",64,1,11,160
"MA",78,1,11,160
"TX",92,3,11,160
"DC",56,2,11,160
"DC",57,1,11,160
"MA",52,1,11,150
"CA",77,5,11,150
"IL",56,2,11,150
"DC",66,3,11,150
"VA",57,3,11,150
"PA",72,3,11,150
"IA",72,3,11,150
"CA",60,6,11,140
"NY",80,3,11,130
"PA",63,3,11,120
"AL",49,1,11,100
"NY",79,2,11,100
"NY",87,1,11,100
"NY",86,1,11,100
"NY",84,1,11,100
"MA",55,1,11,100
"NY",90,1,11,100
"NY",90,1,11,100
"NY",82,1,11,100
"NY",92,1,11,100
"NY",92,1,11,100
"NY",89,1,11,100
"NY",70,1,11,100
"NY",79,1,11,100
"IN",68,3,11,100
"MA",77,1,11,100
"NY",81,1,11,100
"NY",62,2,11,100
"IL",39,3,11,90
"NY",82,1,11,80
"NY",80,1,11,80
"NY",64,1,11,80
"CA",79,3,11,80
"NY",64,1,11,80
"NJ",76,1,11,70
"IN",66,1,11,65
"NY",90,1,11,60
"NY",89,1,11,60
"DC",87,1,11,60
"NY",65,1,11,60
"NY",81,1,11,60
"AL",70,1,11,59
"NY",89,1,11,40
"DC",70,1,11,40
"DC",76,1,11,40
"DC",51,1,11,40
"NY",67,1,11,40
"NY",81,1,11,40
"OH",35,249,12,6000
"MD",46,112,12,3500
"FL",78,72,12,3000
"IL",56,124,12,3000
"AL",45,55,12,3000
"WA",69,97,12,2800
"FL",43,62,12,2500
"VA",81,41,12,2500
"VA",86,34,12,2500
"WI",52,55,12,2300
"CA",78,95,12,2300
"NJ",28,43,12,2300
"MD",63,62,12,2200
"NH",84,53,12,2100
"FL",54,71,12,2100
"MD",36,52,12,2000
"GA",51,50,12,2000
"VA",31,50,12,2000
"IL",46,62,12,1800
"MO",47,56,12,1800
"NJ",45,37,12,1800
"NJ",45,63,12,1800
"VA",32,52,12,1800
"PA",24,65,12,1600
"IN",63,55,12,1600
"VA",56,51,12,1500
"IN",33,61,12,1500
"WA",50,44,12,1500
"FL",84,47,12,1500
"IL",53,57,12,1500
"IN",48,52,12,1500
"CA",76,50,12,1500
"NJ",19,49,12,1500
"VA",33,50,12,1400
"IL",68,62,12,1400
"MN",43,61,12,1400
"CA",72,65,12,1400
"IL",54,55,12,1400
"NJ",29,42,12,1300
"MN",35,63,12,1300
"WA",73,51,12,1300
"DC",55,28,12,1200
"GA",59,38,12,1200
"CA",69,53,12,1200
"CA",69,49,12,1200
"FL",52,33,12,1200
"CA",65,51,12,1200
"GA",52,40,12,1200
"CA",62,50,12,1000
"PA",67,27,12,1000
"TX",39,49,12,1000
"VA",73,26,12,1000
"MD",71,29,12,1000
"NC",80,18,12,1000
"NY",50,27,12,1000
"NY",56,28,12,960
"KY",71,22,12,900
"MA",74,27,12,900
"NJ",27,27,12,900
"OH",57,25,12,900
"WI",84,23,12,900
"NY",55,28,12,880
"IL",46,27,12,870
"FL",60,32,12,850
"CT",38,27,12,800
"DC",66,6,12,800
"CT",36,28,12,800
"VA",25,28,12,800
"CA",61,20,12,800
"CA",48,23,12,800
"TN",31,28,12,800
"NJ",42,19,12,750
"NY",77,21,12,710
"WA",81,25,12,700
"WA",83,26,12,700
"NJ",47,17,12,700
"WA",81,25,12,640
"OH",64,13,12,600
"NH",87,8,12,600
"CA",71,26,12,600
"CA",70,17,12,600
"CT",40,27,12,600
"CA",36,28,12,580
"NJ",54,19,12,560
"OH",85,8,12,550
"KY",72,11,12,550
"CA",83,26,12,540
"OH",75,12,12,520
"MO",84,12,12,500
"NH",81,12,12,500
"NJ",32,17,12,500
"VA",58,3,12,500
"FL",57,9,12,500
"MO",77,6,12,500
"VA",55,11,12,450
"NJ",51,13,12,450
"NJ",75,13,12,450
"IL",42,13,12,430
"MA",56,4,12,430
"WA",88,10,12,430
"GA",54,12,12,400
"MA",64,6,12,400
"AL",78,6,12,400
"IL",39,13,12,400
"CT",83,4,12,400
"MS",74,3,12,400
"WI",65,12,12,400
"GA",30,14,12,400
"IA",62,11,12,400
"VA",46,14,12,400
"VA",21,12,12,400
"TN",45,13,12,400
"TN",41,11,12,400
"MO",31,9,12,400
"MO",63,4,12,400
"PA",66,9,12,400
"GA",79,6,12,380
"LA",48,10,12,380
"FL",71,10,12,350
"TN",93,4,12,350
"WA",89,5,12,350
"NY",94,4,12,350
"VA",58,8,12,330
"NJ",84,9,12,330
"TX",38,15,12,300
"VA",62,6,12,300
"VA",43,5,12,300
"NH",72,1,12,300
"MA",29,7,12,300
"IA",67,7,12,300
"IA",71,5,12,300
"IA",74,3,12,300
"NY",83,3,12,280
"MO",84,4,12,280
"OH",54,4,12,270
"CA",70,13,12,270
"CA",80,12,12,270
"NY",43,1,12,260
"PA",73,2,12,260
"OH",80,3,12,260
"VA",48,4,12,260
"VA",28,6,12,250
"IA",60,6,12,250
"IA",61,6,12,250
"NJ",81,10,12,250
"NJ",72,5,12,250
"IA",59,5,12,250
"PA",77,3,12,250
"MO",55,3,12,250
"MO",55,3,12,250
"NY",84,5,12,240
"NJ",90,2,12,240
"VA",62,5,12,240
"NJ",67,4,12,230
"CA",42,11,12,230
"VA",42,6,12,230
"KY",49,5,12,220
"OH",51,3,12,210
"VA",37,4,12,200
"VA",65,1,12,200
"DC",93,1,12,200
"PA",75,2,12,200
"NY",93,2,12,200
"MO",80,2,12,200
"WV",91,1,12,200
"NY",80,1,12,200
"OH",84,3,12,200
"OH",56,3,12,200
"NY",80,3,12,190
"OH",85,3,12,190
"DC",92,1,12,180
"CA",33,7,12,180
"MO",79,2,12,180
"MO",82,2,12,180
"OH",57,3,12,170
"IL",36,7,12,150
"IA",50,2,12,150
"FL",66,2,12,150
"WA",69,3,12,150
"IL",40,6,12,150
"WV",92,1,12,150
"WV",93,1,12,150
"NJ",53,2,12,140
"NJ",75,3,12,130
"VA",74,2,12,120
"VA",40,3,12,120
"MA",47,1,12,120
"IA",83,1,12,100
"VA",80,1,12,100
"MA",83,1,12,100
"IN",67,1,12,100
"NY",80,2,12,100
"DC",92,2,12,100
"VA",22,5,12,100
"IA",79,1,12,100
"MO",69,1,12,100
"MO",81,1,12,100
"MO",82,1,12,100
"MO",33,1,12,100
"TX",77,1,12,80
"NJ",50,1,12,80
"NY",73,1,12,80
"TX",87,1,12,60
"NY",91,1,12,60
"NY",87,1,12,50
"NY",94,1,12,40
"NY",69,1,12,40
"DC",38,1,12,40
"NJ",33,1,12,10
